FID,ZCTA5CE10,GEOID10,ALAND10,AWATER10,INTPTLAT10,INTPTLON10,Population,Under 5 years,5 to 9 years,10 to 14 years,15 to 19 years,20 to 24 years,25 to 29 years,30 to 34 years,35 to 39 years,40 to 44 years,45 to 49 years,50 to 54 years,55 to 59 years,60 to 64 years,65 to 69 years,70 to 74 years,75 to 79 years,80 to 84 years,85 years and over,Male,Male - Under 5 years,Male - 5 to 9 years,Male - 10 to 14 years,Male - 15 to 19 years,Male - 20 to 24 years,Male - 25 to 29 years,Male - 30 to 34 years,Male - 35 to 39 years,Male - 40 to 44 years,Male - 45 to 49 years,Male - 50 to 54 years,Male - 55 to 59 years,Male - 60 to 64 years,Male - 65 to 69 years,Male - 70 to 74 years,Male - 75 to 79 years,Male - 80 to 84 years,Male - 85 years and over,Female,Female - Under 5 years,Female - 5 to 9 years,Female - 10 to 14 years,Female - 15 to 19 years,Female - 20 to 24 years,Female - 25 to 29 years,Female - 30 to 34 years,Female - 35 to 39 years,Female - 40 to 44 years,Female - 45 to 49 years,Female - 50 to 54 years,Female - 55 to 59 years,Female - 60 to 64 years,Female - 65 to 69 years,Female - 70 to 74 years,Female - 75 to 79 years,Female - 80 to 84 years,Female - 85 years and over,Median age,Median age - Male,Median age - Female,Population 16 years and over,Population 16 years and over - Male,Population 16 years and over - Female,Population 18 years and over,Population 18 years and over - Male,Population 18 years and over - Female,Population 21 years and over,Population 21 years and over - Male,Population 21 years and over - Female,Population 62 years and over,Population 62 years and over - Male,Population 62 years and over - Female,Population 65 years and over,Population 65 years and over - Male,Population 65 years and over - Female,Population2,Population of one race,Population - White,Population - Black or African American,Population - American Indian and Alaska Native,Population - Asian,Population - Asian Indian,Population - Chinese,Population - Filipino,Population - Japanese,Population - Korean,Population - Vietnamese,Population - Other Asian,Population - Native Hawaiian and Other Pacific Islander:,Population - Native Hawaiian,Population - Guamanian or Chamorro,Population - Samoan,Population - Other Pacific Islander,Population - Other Race,Population - Two or More Races,Population - White and American Indian and Alaska Native,Population - White and Asian,Population - White and Black or African American,Population - White and Other Race,White alone or in combination with one or more other races,Black or African American alone or in combination with one or more other races,American Indian and Alaska Native alone or in combination with one or more other races,Asian alone or in combination with one or more other races,Native Hawaiian and Other Pacific Islander alone or in combination with one or more other races,Some Other Race alone or in combination with one or more other races,Population3,Population - Hispanic or Latino,Population - Mexican,Population - Puerto Rican,Population - Cuban,Population - Other Hispanic or Latino,Population - Not Hispanic or Latino,Population4,Population2 - Hispanic or Latino,Population - Hispanic or Latino and White alone,Population - Hispanic or Latino and Black or African American alone,Population - Hispanic or Latino and American Indian and Alaska Native alone,Population - Hispanic or Latino and Asian alone,Population - Hispanic or Latino and Native Hawaiian and Other Pacific Islander alone,Population - Hispanic or Latino and Other Race alone,Population - Hispanic or Latino and Two or More Races,Population2 - Not Hispanic or Latino,Population - Not Hispanic or Latino and White alone,Population - Not Hispanic or Latino and Black or African American alone,Population - Not Hispanic or Latino and American Indian and Alaska Native alone,Population - Not Hispanic or Latino and Asian alone,Population - Not Hispanic or Latino and Native Hawaiian and Other Pacific Islander alone,Population - Not Hispanic or Latino and Other Race alone,Population - Not Hispanic or Latino and Two or More Races,Population5,Population - In households,Population - In household and Householder,Population - In household and Spouse,Population - In household and Child,Population - In household and Own child under 18 years,Population - In household and Other relatives,Population - In household and Under 18 years,Population - In household and 65 years and over,Population - In household and Nonrelatives,Population - In household and Nonrelatives and Under 18 years,Population - In household and Nonrelatives and 65 years and over,Population - In household and Nonrelatives and Unmarried partner,Population - In group quarters,Population - In group quarters and institutionalized,Population - In group quarters and institutionalized and Male,Population - In group quarters and institutionalized and Female,Population - In group quarters and Noninstitutionalized,Population - In group quarters and Noninstitutionalized and Male,Population - In group quarters and Noninstitutionalized and Female,Households,Family households,Family households - with own children under 18 years,Family households - Husband-wife,Family households - Husband-wife with own children under 18 years,"Family households - Male householder, no wife present","Family households - Male householder, no wife present with own children under 18 years","Family households - Female householder, no husband present","Family households - Female householder, no husband present with own children under 18 years",Nonfamily households,Nonfamily households - Householder living alone,Nonfamily households - Householder living alone and Male,Nonfamily households - Householder living alone and Male and 65 years and over,Nonfamily households - Householder living alone and Female,Nonfamily households - Householder living alone and Female and 65 years and over,Households with individuals under 18 years,Households with individuals 65 years and over,Average household size,Average family size,Housing units,Housing units - Occupied,Housing units - Vacant, Housing units - Vacant and for rent, Housing units - Vacant and rented, Housing units - Vacant and for sale only, Housing units - Vacant and sold," Housing units - Vacant and for seasonal, recreational, or occasional use", Housing units - Vacant and all other vacants,Homeowner vacancy rate,Rental vacancy rate,Housing units2 - Occupied,Housing units - Owner-occupied,Housing units - Renter-occupied,Population - Owner-occupied housing units,Population - Renter-occupied housing units,Average household size - Owner occupied,Average household size - Renter occupied,Shape_Leng,Shape_Area
14061,33503,33503,1673643,1477,27.7638306,-82.2761741,108,6,11,13,8,10,7,8,7,5,9,9,2,4,3,1,4,1,0,58,5,5,7,5,6,2,3,3,5,3,6,1,2,2,0,3,0,0,50,1,6,6,3,4,5,5,4,0,6,3,1,2,1,1,1,1,0,28.7,27.0,30.0,77,40,37,73,36,37,69,35,34,10,5,5,9,5,4,108,107,82,0,0,6,0,0,0,0,0,6,0,0,0,0,0,0,19,1,0,1,0,0,83,0,0,7,0,19,108,40,24,2,5,9,68,108,40,21,0,0,0,0,19,0,68,61,0,0,6,0,0,1,108,108,32,18,40,29,10,5,1,8,1,0,4,0,0,0,0,0,0,0,32,26,16,18,11,5,4,3,1,6,6,4,0,2,1,19,7,3.38,3.62,35,32,3,0,0,0,0,0,3,0.0,0.0,32,25,7,84,24,3.36,3.43,0.068990262,0.000153347
14062,33510,33510,19232229,1249842,27.955637,-82.2966931,27610,1904,1841,1912,2089,1873,1959,1833,1936,1912,2162,2053,1793,1403,954,734,543,397,312,13112,986,930,938,1066,920,899,912,921,900,1009,977,799,627,434,316,228,159,91,14498,918,911,974,1023,953,1060,921,1015,1012,1153,1076,994,776,520,418,315,238,221,36.1,34.4,37.5,21536,10041,11495,20649,9578,11071,19508,9010,10498,3726,1587,2139,2940,1228,1712,27610,26765,20324,4294,121,806,290,103,147,25,70,54,117,49,16,8,9,16,1171,845,81,142,276,124,21023,4712,279,1021,104,1388,27610,5789,765,2602,814,1608,21821,27610,5789,4063,279,44,18,6,1081,298,21821,16261,4015,77,788,43,90,547,27610,27438,10425,4838,8391,6027,2007,785,302,1777,144,56,841,172,144,52,92,28,14,14,10425,7312,3436,4838,1991,598,302,1876,1143,3113,2373,944,173,1429,506,3911,2151,2.63,3.08,11221,10425,796,275,6,139,10,31,335,2.0,6.8,10425,6676,3749,17577,9861,2.63,2.63,0.247573144,0.001878266
14063,33511,33511,41143907,2263513,27.9097776,-82.2957378,52003,3378,3285,3493,3473,3971,4525,3970,3685,3742,4008,3615,3044,2559,1744,1186,946,682,697,24839,1694,1656,1754,1751,1851,2177,1928,1817,1813,1830,1755,1414,1184,805,528,415,260,207,27164,1684,1629,1739,1722,2120,2348,2042,1868,1929,2178,1860,1630,1375,939,658,531,422,490,34.9,33.9,35.8,41121,19335,21786,39736,18638,21098,37632,17646,19986,6724,2899,3825,5255,2215,3040,52003,50000,37503,7982,203,1789,753,144,343,48,147,174,180,34,11,7,4,12,2489,2003,201,337,547,395,39140,8933,553,2315,104,3132,52003,11192,1249,4855,1353,3735,40811,52003,11192,7386,591,38,41,2,2359,775,40811,30117,7391,165,1748,32,130,1228,52003,51648,20591,9335,14898,10772,3188,1168,534,3636,285,138,1723,355,342,102,240,13,5,8,20591,13557,6339,9335,3895,1147,628,3075,1816,7034,5290,2350,305,2940,857,7070,3727,2.51,3.02,22336,20591,1745,883,29,272,46,99,416,2.4,8.4,20591,11019,9572,29414,22234,2.67,2.32,0.441233795,0.003978929
14069,33527,33527,80466350,1568059,27.9736038,-82.2126626,15203,1225,1213,1155,1116,1169,1113,946,1026,1015,1099,1068,797,701,542,418,279,185,136,8106,640,621,606,628,701,609,522,554,558,580,571,399,353,273,223,136,84,48,7097,585,592,549,488,468,504,424,472,457,519,497,398,348,269,195,143,101,88,33.2,32.3,34.3,11414,6133,5281,10929,5873,5056,10254,5474,4780,1971,971,1000,1560,764,796,15203,14634,11812,447,84,181,48,23,39,4,15,26,26,13,1,9,0,3,2097,569,39,37,297,141,12338,789,127,235,26,2268,15203,5927,4819,417,165,526,9276,15203,5927,3324,94,42,8,4,2068,387,9276,8488,353,42,173,9,29,182,15203,14716,4557,2795,4749,3429,1557,585,200,1058,100,46,339,487,0,0,0,487,359,128,4557,3603,1658,2795,1234,369,185,439,239,954,702,396,102,306,175,1932,1115,3.23,3.53,5185,4557,628,243,11,43,18,108,205,1.3,14.6,4557,3148,1409,9268,5448,2.94,3.87,0.652826841,0.007524145
14070,33534,33534,32021700,7405786,27.8231885,-82.3788704,12839,1346,1120,975,893,829,1069,1175,1062,921,836,713,623,455,311,215,144,90,62,6464,683,580,479,450,396,510,594,542,478,416,365,326,247,161,102,71,40,24,6375,663,540,496,443,433,559,581,520,443,420,348,297,208,150,113,73,50,38,30.7,30.9,30.4,9233,4650,4583,8853,4456,4397,8375,4212,4163,1068,527,541,822,398,424,12839,12428,9132,1779,57,230,48,28,43,5,11,52,43,16,10,6,0,0,1214,411,42,69,114,108,9497,1950,121,329,35,1354,12839,3793,2250,696,186,661,9046,12839,3793,2313,93,9,8,6,1197,167,9046,6819,1686,48,222,10,17,244,12839,12825,4246,1983,4274,3382,1083,460,121,1239,134,49,578,14,0,0,0,14,13,1,4246,3036,1702,1983,1053,355,201,698,448,1210,783,461,78,322,105,1965,651,3.02,3.42,5021,4246,775,283,6,129,11,64,282,4.7,14.7,4246,2612,1634,7626,5199,2.92,3.18,0.516639897,0.003611267
14078,33547,33547,370616674,20762675,27.7910835,-82.1355165,19813,1386,2055,2240,1628,702,655,927,1797,2198,1841,1227,871,834,577,393,241,143,98,9737,712,1048,1157,825,348,317,397,804,1067,936,623,434,420,283,182,96,54,34,10076,674,1007,1083,803,354,338,530,993,1131,905,604,437,414,294,211,145,89,64,36.1,35.5,36.5,13725,6622,7103,12931,6215,6716,12328,5906,6422,1958,913,1045,1452,649,803,19813,19361,17756,630,48,551,180,90,122,20,48,18,73,8,1,6,0,1,368,452,87,128,85,48,18154,775,168,726,34,451,19813,2045,455,575,334,681,17768,19813,2045,1545,40,8,8,1,335,108,17768,16211,590,40,543,7,33,344,19813,19752,6237,4424,7667,6451,872,318,222,552,77,23,287,61,24,1,23,37,19,18,6237,5297,3311,4424,2736,238,145,635,430,940,769,334,76,435,186,3496,1078,3.17,3.45,6773,6237,536,55,1,131,42,103,204,2.4,5.1,6237,5209,1028,16330,3422,3.13,3.33,1.110239323,0.035832509
14079,33548,33548,20225460,3050199,28.147189,-82.4837782,5807,267,319,407,388,312,183,227,288,409,556,586,541,511,306,173,147,102,85,2902,139,160,204,182,179,95,111,130,203,285,288,263,271,153,94,70,45,30,2905,128,159,203,206,133,88,116,158,206,271,298,278,240,153,79,77,57,55,45.9,46.0,45.9,4725,2360,2365,4553,2286,2267,4349,2170,2179,1111,553,558,813,392,421,5807,5699,5324,179,16,116,30,19,10,2,19,19,17,10,0,10,0,0,54,108,28,23,23,8,5420,222,55,151,12,70,5807,653,55,150,196,252,5154,5807,653,536,14,5,4,10,45,39,5154,4788,165,11,112,0,9,69,5807,5801,2163,1417,1659,1144,274,91,67,288,18,26,130,6,0,0,0,6,0,6,2163,1698,622,1417,490,117,62,164,70,465,344,176,36,168,90,687,568,2.68,2.97,2335,2163,172,26,3,46,8,24,65,2.3,9.4,2163,1914,249,5165,636,2.7,2.55,0.335345669,0.002137999
14080,33549,33549,30420933,3133397,28.1379437,-82.4462524,16132,764,916,1149,1098,826,799,729,1006,1191,1517,1560,1332,1077,776,514,358,286,234,7892,369,478,591,570,433,405,342,503,566,746,746,645,558,374,228,153,110,75,8240,395,438,558,528,393,394,387,503,625,771,814,687,519,402,286,205,176,159,43.4,42.5,44.3,13045,6313,6732,12594,6078,6516,12025,5789,6236,2763,1248,1515,2168,940,1228,16132,15777,14274,811,72,294,76,47,54,5,20,59,33,4,2,1,1,0,322,355,73,89,64,54,14582,917,163,411,24,411,16132,2284,256,783,491,754,13848,16132,2284,1809,42,17,4,1,288,123,13848,12465,769,55,290,3,34,232,16132,16047,6340,3537,4478,3155,851,275,213,841,71,43,402,85,41,12,29,44,28,16,6340,4427,1811,3537,1384,278,134,612,293,1913,1528,656,152,872,402,2014,1639,2.53,3.0,6962,6340,622,186,17,118,16,100,185,2.3,12.0,6340,4998,1342,13077,2970,2.62,2.21,0.413724504,0.003082207
14081,33556,33556,94850342,11209878,28.1348086,-82.5914585,22015,1136,1634,1755,1660,893,739,890,1508,1914,2234,2140,1794,1378,924,588,413,233,182,10958,554,835,891,854,483,372,398,696,904,1079,1050,933,724,490,287,215,112,81,11057,582,799,864,806,410,367,492,812,1010,1155,1090,861,654,434,301,198,121,101,42.0,42.2,41.8,17074,8456,8618,16364,8100,8264,15626,7722,7904,3116,1601,1515,2340,1185,1155,22015,21519,19348,959,68,884,374,151,80,6,123,70,80,19,2,7,2,8,241,496,54,146,86,81,19758,1111,168,1104,41,369,22015,2527,177,720,685,945,19488,22015,2527,2117,47,19,7,4,213,120,19488,17231,912,49,877,15,28,376,22015,22015,7807,5462,7047,5322,956,266,296,743,63,42,403,0,0,0,0,0,0,0,7807,6355,2925,5462,2436,306,171,587,318,1452,1094,576,139,518,214,3104,1695,2.82,3.12,8642,7807,835,96,3,202,25,337,172,2.8,10.4,7807,6979,828,19841,2174,2.84,2.63,0.551878713,0.009742474
14082,33558,33558,45010975,4210070,28.1655192,-82.5113842,20064,1110,1515,1598,1295,874,887,998,1489,1829,1963,1645,1432,1252,830,535,367,270,175,9830,558,755,836,686,439,422,459,697,869,940,820,690,632,420,253,176,111,67,10234,552,760,762,609,435,465,539,792,960,1023,825,742,620,410,282,191,159,108,40.8,40.4,41.1,15532,7523,8009,14957,7217,7740,14351,6894,7457,2911,1401,1510,2177,1027,1150,20064,19521,16908,1146,58,1012,464,144,100,15,109,111,69,12,5,5,1,1,385,543,75,132,135,96,17387,1343,169,1185,34,523,20064,3185,169,982,683,1351,16879,20064,3185,2549,88,14,20,1,350,163,16879,14359,1058,44,992,11,35,380,20064,20061,7869,4499,6116,4833,730,213,255,847,60,54,454,3,1,0,1,2,2,0,7869,5551,2720,4499,2093,297,169,755,458,2318,1838,881,173,957,316,2868,1618,2.55,3.04,8624,7869,755,198,12,130,16,265,134,2.4,7.3,7869,5365,2504,15026,5035,2.8,2.01,0.373008471,0.004522066
14083,33559,33559,32735317,788870,28.161002,-82.4146124,15427,901,889,930,1057,2208,1244,1088,1055,1039,1120,1018,849,790,454,305,206,165,109,7537,441,474,474,535,1059,647,522,514,520,544,480,386,377,214,139,92,72,47,7890,460,415,456,522,1149,597,566,541,519,576,538,463,413,240,166,114,93,62,32.1,31.2,33.0,12524,6057,6467,12138,5859,6279,11168,5392,5776,1687,779,908,1239,564,675,15427,14951,11851,1786,39,755,214,108,121,15,55,166,76,21,9,6,2,4,499,476,45,94,121,80,12227,2010,127,899,38,641,15427,2916,242,1214,488,972,12511,15427,2916,2114,131,12,10,1,464,184,12511,9737,1655,27,745,20,35,292,15427,15391,6186,2682,4035,2991,875,247,193,1613,48,27,425,36,30,21,9,6,5,1,6186,3645,1739,2682,1236,268,124,695,379,2541,1763,830,83,933,182,1897,932,2.49,3.08,6865,6186,679,383,8,82,8,35,163,2.1,13.5,6186,3750,2436,10008,5383,2.67,2.21,0.471857243,0.003079858
14084,33563,33563,38255052,1163359,28.0172218,-82.1249531,25488,2176,2030,1870,1893,1865,1968,1761,1631,1659,1587,1491,1294,1199,894,770,594,410,396,12338,1080,1042,964,926,948,984,864,821,791,783,752,595,562,380,335,248,151,112,13150,1096,988,906,967,917,984,897,810,868,804,739,699,637,514,435,346,259,284,32.5,31.1,33.9,19027,9071,9956,18238,8702,9536,17142,8128,9014,3773,1550,2223,3064,1226,1838,25488,24853,16557,4542,176,208,47,32,28,5,11,11,74,12,2,4,4,2,3358,635,77,51,150,224,17095,4791,301,289,40,3640,25488,8377,6224,1035,278,840,17111,25488,8377,4508,155,69,4,0,3322,319,17111,12049,4387,107,204,12,36,316,25488,25189,8900,3898,8082,5905,2562,1127,232,1747,185,78,746,299,118,39,79,181,116,65,8900,6188,3024,3898,1801,609,277,1681,946,2712,2147,891,213,1256,649,3571,2274,2.83,3.35,10224,8900,1324,524,13,205,27,166,389,3.9,12.0,8900,5072,3828,14216,10973,2.8,2.87,0.488249002,0.003616792
14085,33565,33565,226718597,4014563,28.0859061,-82.1481135,17975,1046,1110,1239,1229,982,955,886,987,1177,1381,1386,1298,1048,991,768,688,475,329,8959,527,555,623,679,504,475,453,513,575,685,720,639,525,477,349,329,213,118,9016,519,555,616,550,478,480,433,474,602,696,666,659,523,514,419,359,262,211,42.4,41.3,43.4,14323,7109,7214,13825,6829,6996,13144,6467,6677,3882,1801,2081,3251,1486,1765,17975,17669,16030,310,67,284,33,28,32,3,11,4,173,13,1,2,0,10,965,306,90,43,48,90,16313,378,168,341,18,1070,17975,3096,2253,235,301,307,14879,17975,3096,1974,38,21,3,2,949,109,14879,14056,272,46,281,11,16,197,17975,17588,6423,3831,4867,3358,1502,601,229,965,121,71,435,387,42,19,23,345,236,109,6423,4793,1733,3831,1305,363,176,599,252,1630,1330,578,190,752,480,2057,2212,2.74,3.13,7143,6423,720,142,11,124,28,184,231,2.3,11.3,6423,5314,1109,13930,3658,2.62,3.3,0.706767343,0.021185663
14086,33566,33566,59431310,2633516,27.9779648,-82.0957088,19522,1412,1427,1541,1536,1308,1199,1152,1267,1269,1500,1355,1193,1067,767,626,434,282,187,9666,705,742,777,793,707,597,549,621,629,745,663,567,495,366,318,203,117,72,9856,707,685,764,743,601,602,603,646,640,755,692,626,572,401,308,231,165,115,35.8,34.6,36.9,14829,7282,7547,14197,6974,7223,13318,6492,6826,2906,1361,1545,2296,1076,1220,19522,19074,15917,983,67,382,147,19,41,9,8,76,82,3,3,0,0,0,1722,448,90,62,89,119,16320,1104,186,476,18,1904,19522,5162,3877,641,180,464,14360,19522,5162,3155,58,32,9,0,1704,204,14360,12762,925,35,373,3,18,244,19522,19391,6642,3849,6122,4463,1672,687,195,1106,132,50,439,131,0,0,0,131,88,43,6642,5148,2285,3849,1597,401,201,898,487,1494,1170,515,116,655,293,2641,1643,2.92,3.26,7278,6642,636,215,10,105,16,54,236,2.2,10.2,6642,4752,1890,13394,5997,2.82,3.17,0.725853669,0.005693434
14087,33567,33567,109096845,7000164,27.9206094,-82.1167723,11505,934,896,913,962,835,802,730,755,789,791,775,573,552,435,318,206,129,110,5899,495,446,476,521,478,425,373,393,395,398,399,280,268,207,159,91,58,37,5606,439,450,437,441,357,377,357,362,394,393,376,293,284,228,159,115,71,73,32.8,31.5,34.2,8579,4384,4195,8184,4183,4001,7630,3866,3764,1504,703,801,1198,552,646,11505,11269,8472,1310,60,119,22,16,16,3,2,21,39,9,5,3,0,1,1299,236,36,30,41,86,8679,1373,111,169,17,1407,11505,3519,2826,317,113,263,7986,11505,3519,2032,32,38,16,6,1285,110,7986,6440,1278,22,103,3,14,126,11505,11072,3510,2074,3600,2537,1195,563,118,693,131,25,255,433,0,0,0,433,314,119,3510,2773,1269,2074,931,237,117,462,221,737,570,273,75,297,169,1550,863,3.15,3.48,3869,3510,359,70,9,57,6,40,177,2.1,7.5,3510,2658,852,7965,3107,3.0,3.65,0.56183143,0.010643172
14088,33569,33569,37623601,1586100,27.8463496,-82.2885448,23074,1475,1662,1867,1844,1140,1202,1474,1670,1942,2082,1766,1384,1164,839,615,458,299,191,11332,741,867,966,976,573,577,703,789,937,1045,885,657,551,414,261,197,126,67,11742,734,795,901,868,567,625,771,881,1005,1037,881,727,613,425,354,261,173,124,37.8,36.8,38.6,17656,8525,9131,16848,8098,8750,15943,7625,8318,3064,1369,1695,2402,1065,1337,23074,22232,17775,2841,101,679,198,64,181,17,40,88,91,19,2,10,1,6,817,842,98,176,201,133,18473,3207,253,944,70,1065,23074,4123,615,1639,475,1394,18951,23074,4123,2793,279,29,10,1,715,296,18951,14982,2562,72,669,18,102,546,23074,23066,8078,4925,7540,5548,1430,549,315,1093,125,66,509,8,0,0,0,8,3,5,8078,6239,3030,4925,2279,368,198,946,553,1839,1395,607,145,788,377,3345,1787,2.86,3.23,9100,8078,1022,145,4,227,23,382,241,3.3,9.7,8078,6727,1351,18618,4448,2.77,3.29,0.354873162,0.003592045
14089,33570,33570,102044862,21574658,27.6907589,-82.4612031,20758,1751,1634,1488,1348,1189,1560,1503,1378,1228,1198,1179,1065,1121,1089,783,591,406,247,10454,904,831,761,712,642,811,732,713,620,595,582,490,563,543,377,281,198,99,10304,847,803,727,636,547,749,771,665,608,603,597,575,558,546,406,310,208,148,34.7,33.8,35.6,15615,7826,7789,15069,7527,7542,14302,7117,7185,3788,1836,1952,3116,1498,1618,20758,20366,15323,1542,78,228,51,32,61,2,6,41,35,14,4,8,2,0,3181,392,51,42,70,139,15662,1666,153,303,37,3365,20758,8442,6239,990,253,960,12316,20758,8442,4945,99,22,17,2,3146,211,12316,10378,1443,56,211,12,35,181,20758,20513,7273,3797,5970,4606,2006,873,229,1467,154,78,675,245,0,0,0,245,186,59,7273,5192,2292,3797,1477,475,264,920,551,2081,1601,794,271,807,453,2689,2244,2.82,3.27,9195,7273,1922,338,7,339,35,883,320,5.9,14.9,7273,5344,1929,14115,6398,2.64,3.32,0.527221042,0.011309048
14090,33572,33572,40777733,7541019,27.7611087,-82.4085805,14117,902,858,773,674,500,704,882,1003,969,1069,1152,1230,1188,871,525,386,245,186,6975,458,439,384,344,264,326,419,483,479,537,591,566,553,465,264,196,116,91,7142,444,419,389,330,236,378,463,520,490,532,561,664,635,406,261,190,129,95,43.9,43.9,44.0,11434,5624,5810,11137,5471,5666,10806,5292,5514,2936,1482,1454,2213,1132,1081,14117,13825,12251,812,49,358,70,50,77,10,20,61,70,2,1,1,0,0,353,292,63,70,62,43,12508,898,134,442,23,420,14117,1688,523,523,204,438,12429,14117,1688,1207,48,19,1,0,324,89,12429,11044,764,30,357,2,29,203,14117,14105,5733,3586,3486,2718,651,220,142,649,41,49,392,12,0,0,0,12,5,7,5733,4256,1546,3586,1194,243,120,427,232,1477,1112,531,148,581,234,1680,1558,2.46,2.81,6742,5733,1009,121,19,277,42,356,194,5.6,10.0,5733,4667,1066,11157,2948,2.39,2.77,0.410910885,0.004423258
14091,33573,33573,45694155,2241795,27.7227573,-82.3572368,19172,176,143,125,87,109,176,189,170,173,237,367,882,1704,2645,2950,3018,2853,3168,8139,89,76,68,43,54,83,99,79,85,121,137,339,659,1079,1293,1359,1224,1252,11033,87,67,57,44,55,93,90,91,88,116,230,543,1045,1566,1657,1659,1629,1916,74.1,74.2,74.0,18712,7896,10816,18672,7877,10795,18623,7853,10770,15773,6677,9096,14634,6207,8427,19172,19029,18249,461,26,176,46,26,38,28,15,9,14,11,1,2,0,8,106,143,27,26,27,24,18377,508,66,221,22,145,19172,719,129,296,73,221,18453,19172,719,553,20,6,1,1,101,37,18453,17696,441,20,175,10,5,106,19172,18766,11489,5616,843,430,326,60,170,492,10,295,320,406,406,120,286,0,0,0,11489,6011,244,5616,178,92,21,303,45,5478,5059,1328,1126,3731,3348,278,9801,1.63,2.13,13836,11489,2347,572,33,386,79,961,316,3.8,24.0,11489,9711,1778,16378,2388,1.69,1.34,0.30735096,0.00438666
14093,33578,33578,55818110,6392673,27.8622004,-82.3500444,36693,3016,2764,2505,2346,2296,3515,3384,3255,2846,2692,2261,1815,1500,928,668,423,268,211,17345,1534,1375,1266,1148,1023,1554,1616,1555,1334,1288,1049,794,700,426,313,190,114,66,19348,1482,1389,1239,1198,1273,1961,1768,1700,1512,1404,1212,1021,800,502,355,233,154,145,32.7,32.3,33.0,27866,12903,14963,26910,12417,14493,25623,11812,13811,3321,1499,1822,2498,1109,1389,36693,35201,24893,6989,169,1160,362,112,258,29,80,161,158,45,24,12,0,9,1945,1492,97,275,446,217,26083,7779,420,1596,117,2335,36693,7866,1268,3528,833,2237,28827,36693,7866,4913,494,48,25,9,1806,571,28827,19980,6495,121,1135,36,139,921,36693,36642,14381,6481,11074,8765,2220,844,344,2486,167,47,1383,51,0,0,0,51,46,5,14381,9617,5025,6481,3035,722,416,2414,1574,4764,3521,1566,191,1955,385,5522,1923,2.55,3.06,16284,14381,1903,871,33,353,88,116,442,3.8,13.7,14381,8905,5476,22983,13659,2.58,2.49,0.697818681,0.005700134
14094,33579,33579,55263537,1391361,27.7962306,-82.293653,25723,2342,2388,2215,1760,1197,1765,2501,2512,2094,1903,1488,1158,948,630,354,204,171,93,12263,1197,1192,1064,888,564,739,1155,1206,1048,911,681,516,451,310,169,77,69,26,13460,1145,1196,1151,872,633,1026,1346,1306,1046,992,807,642,497,320,185,127,102,67,32.5,32.3,32.7,18385,8608,9777,17618,8218,9400,16776,7813,8963,1980,893,1087,1452,651,801,25723,24585,16819,5013,109,945,309,74,215,17,59,176,95,16,5,2,0,9,1683,1138,92,194,310,219,17723,5575,274,1266,63,2043,25723,5939,1418,2224,487,1810,19784,25723,5939,3629,265,34,17,0,1589,405,19784,13190,4748,75,928,16,94,733,25723,25406,8141,5068,8963,7153,1996,787,342,1238,152,40,595,317,285,0,285,32,12,20,8141,6624,3826,5068,2857,468,287,1088,682,1517,1112,531,60,581,133,4218,1098,3.12,3.42,8901,8141,760,102,5,202,16,50,385,2.9,7.0,8141,6796,1345,20481,4925,3.01,3.66,0.364667208,0.005187946
14095,33584,33584,55407634,2102935,28.0072315,-82.2884025,25392,1690,1702,1848,1896,1472,1483,1765,1824,1866,2059,2048,1675,1381,986,686,450,297,264,12545,816,886,934,968,770,729,866,887,971,1028,970,827,685,429,331,214,138,96,12847,874,816,914,928,702,754,899,937,895,1031,1078,848,696,557,355,236,159,168,37.5,36.9,38.0,19774,9704,10070,18930,9278,9652,17941,8767,9174,3460,1611,1849,2683,1208,1475,25392,24707,19358,3479,159,709,231,49,134,23,29,121,122,13,7,5,0,1,989,685,123,100,195,117,19935,3781,330,879,38,1171,25392,4335,1015,1709,589,1022,21057,25392,4335,2932,187,53,9,1,933,220,21057,16426,3292,106,700,12,56,465,25392,25211,8960,4760,7765,5406,2045,845,311,1681,174,60,768,181,97,88,9,84,55,29,8960,6685,2956,4760,1973,534,247,1391,736,2275,1679,790,158,889,390,3445,2000,2.81,3.18,9785,8960,825,270,10,175,24,52,294,2.5,11.0,8960,6781,2179,18721,6490,2.76,2.98,0.447137042,0.005276418
14097,33592,33592,126962733,5238725,28.1018705,-82.2832358,10091,642,586,659,658,558,588,557,608,645,859,833,715,693,505,366,285,173,161,5070,348,301,338,332,274,297,282,298,318,462,424,340,360,253,172,135,75,61,5021,294,285,321,326,284,291,275,310,327,397,409,375,333,252,194,150,98,100,41.8,41.1,42.2,8072,4011,4061,7818,3899,3919,7447,3708,3739,1894,902,992,1490,696,794,10091,9828,8069,1285,59,124,47,10,19,1,6,22,19,5,1,1,1,2,286,263,69,27,87,47,8309,1396,144,161,6,347,10091,1119,437,350,119,213,8972,10091,1119,732,19,22,0,0,277,69,8972,7337,1266,37,124,5,9,194,10091,10073,3977,1725,2663,1818,886,370,115,822,85,56,368,18,0,0,0,18,10,8,3977,2574,997,1725,582,283,125,566,290,1403,1085,582,155,503,228,1234,1115,2.53,3.05,4634,3977,657,270,12,81,7,176,111,3.0,16.8,3977,2650,1327,6633,3440,2.5,2.59,0.7382672,0.012139245
14098,33594,33594,26901761,1120504,27.9409344,-82.2424794,32677,1975,2322,2552,2499,1646,1630,1952,2336,2673,2685,2373,1963,1934,1443,1003,761,520,410,15763,1018,1173,1290,1295,838,780,908,1092,1298,1301,1165,905,918,637,451,330,214,150,16914,957,1149,1262,1204,808,850,1044,1244,1375,1384,1208,1058,1016,806,552,431,306,260,39.0,37.9,39.8,25278,11988,13290,24209,11444,12765,22951,10794,12157,5263,2303,2960,4137,1782,2355,32677,31591,25323,3569,116,1362,700,124,241,20,79,109,89,17,4,4,1,8,1204,1086,98,191,304,188,26172,4060,287,1706,63,1552,32677,6420,931,2910,830,1749,26257,32677,6420,4560,265,28,24,2,1108,433,26257,20763,3304,88,1338,15,96,653,32677,32571,11762,6953,10428,7550,1945,704,443,1483,157,110,744,106,10,9,1,96,45,51,11762,8963,4171,6953,3110,549,294,1461,767,2799,2233,844,228,1389,681,4580,3010,2.77,3.16,12810,11762,1048,175,6,328,37,113,389,3.2,7.9,11762,9739,2023,26356,6215,2.71,3.07,0.272188828,0.002569372
14099,33596,33596,30255632,948580,27.8872147,-82.22587,29283,1371,2006,2700,2579,1336,1006,1111,1935,2501,2890,2748,2329,2006,1109,746,416,294,200,14347,713,1051,1386,1318,692,516,495,857,1152,1370,1325,1121,1030,577,355,194,127,68,14936,658,955,1314,1261,644,490,616,1078,1349,1520,1423,1208,976,532,391,222,167,132,41.2,40.6,41.7,22631,10929,11702,21458,10331,11127,20305,9708,10597,3875,1907,1968,2765,1321,1444,29283,28491,25006,2090,63,922,382,107,184,41,63,48,97,32,8,8,2,14,378,792,120,213,189,97,25693,2406,234,1210,67,528,29283,3293,367,1179,620,1127,25990,29283,3293,2602,133,16,13,9,320,200,25990,22404,1957,47,909,23,58,592,29283,29277,10000,7141,9868,7170,1384,542,329,884,111,37,425,6,0,0,0,6,0,6,10000,8481,3948,7141,3200,360,201,980,547,1519,1202,476,97,726,296,4301,1982,2.93,3.17,10521,10000,521,108,7,141,23,44,198,1.6,8.8,10000,8884,1116,25689,3588,2.89,3.22,0.310115749,0.002859761
14101,33598,33598,280287553,3022934,27.6934231,-82.2846591,13665,1352,1123,1105,1191,1095,1141,951,828,785,758,742,668,600,536,315,224,146,105,7187,702,577,582,659,639,631,506,431,422,364,387,347,294,263,168,114,65,36,6478,650,546,523,532,456,510,445,397,363,394,355,321,306,273,147,110,81,69,29.2,28.4,30.2,9868,5208,4660,9364,4925,4439,8653,4521,4132,1676,805,871,1326,646,680,13665,13408,10193,693,104,123,10,8,16,3,6,29,51,38,0,36,1,1,2257,257,39,15,39,114,10416,756,157,149,55,2398,13665,7989,7013,286,95,595,5676,13665,7989,5399,75,78,6,26,2245,160,5676,4794,618,26,117,12,12,97,13665,13282,3740,2256,4365,3283,1723,719,140,1198,148,40,346,383,31,31,0,352,209,143,3740,3020,1472,2256,1044,307,156,457,272,720,501,245,76,256,127,1768,919,3.55,3.76,4350,3740,610,121,3,112,23,216,135,4.0,9.9,3740,2644,1096,8518,4764,3.22,4.35,1.302214155,0.025917409
14102,33602,33602,6602451,934950,27.9535304,-82.4571128,11515,559,437,415,480,964,1552,1297,1005,846,893,757,622,556,395,233,221,131,152,6092,285,238,232,249,441,774,729,577,501,529,418,340,285,192,107,101,50,44,5423,274,199,183,231,523,778,568,428,345,364,339,282,271,203,126,120,81,108,35.2,35.8,34.5,10033,5302,4731,9835,5202,4633,9507,5030,4477,1443,659,784,1132,494,638,11515,11170,7835,2702,36,397,167,59,48,12,22,30,59,8,3,2,1,2,192,345,40,67,105,40,8121,2877,118,494,22,262,11515,1855,165,525,519,646,9660,11515,1855,1440,107,15,7,0,171,115,9660,6395,2595,21,390,8,21,230,11515,10859,6004,1326,1849,1427,466,147,48,1214,20,46,579,656,77,37,40,579,386,193,6004,2087,831,1326,403,172,68,589,360,3917,3019,1692,193,1327,307,907,902,1.81,2.74,7994,6004,1990,602,17,639,61,230,441,20.4,14.4,6004,2438,3566,4733,6126,1.94,1.72,0.178594814,0.000691189
14103,33603,33603,10711562,250888,27.9856178,-82.4644389,19100,1388,1135,1125,1422,1246,1491,1361,1347,1376,1600,1325,1147,892,664,499,398,371,313,9421,733,575,582,766,585,720,693,684,700,837,642,572,437,299,221,160,129,86,9679,655,560,543,656,661,771,668,663,676,763,683,575,455,365,278,238,242,227,36.5,35.4,37.5,15185,7396,7789,14580,7047,7533,13800,6663,7137,2759,1145,1614,2245,895,1350,19100,18445,11468,5731,76,207,51,17,43,9,19,30,38,6,2,3,0,1,957,655,68,66,198,134,11991,6058,230,320,24,1197,19100,5994,592,1741,1971,1690,13106,19100,5994,4362,369,38,16,1,911,297,13106,7106,5362,38,191,5,46,358,19100,18862,7721,2409,5253,3657,1621,636,219,1858,97,78,835,238,162,157,5,76,61,15,7721,4424,1993,2409,869,475,219,1540,905,3297,2426,1142,248,1284,549,2329,1811,2.44,3.1,8992,7721,1271,491,13,203,15,20,529,4.4,12.7,7721,4367,3354,10475,8387,2.4,2.5,0.179889272,0.001005558
14104,33604,33604,19279504,1122578,28.0171543,-82.4553503,35485,2412,2394,2435,2592,2093,2475,2694,2625,2617,2686,2558,2404,1896,1279,833,614,468,410,17443,1220,1228,1288,1306,1041,1159,1339,1288,1368,1309,1243,1176,902,631,386,249,180,130,18042,1192,1166,1147,1286,1052,1316,1355,1337,1249,1377,1315,1228,994,648,447,365,288,280,36.3,35.6,37.0,27760,13465,14295,26607,12863,13744,25227,12193,13034,4673,2109,2564,3604,1576,2028,35485,34216,21802,9519,154,793,47,73,103,19,33,431,87,21,5,3,0,13,1927,1269,119,124,407,305,22811,10150,371,1021,70,2392,35485,11275,1097,4068,3195,2915,24210,35485,11275,8031,731,63,16,4,1853,577,24210,13771,8788,91,777,17,74,692,35485,35391,13944,4486,10306,7220,3304,1393,401,3351,236,132,1516,94,32,20,12,62,47,15,13944,8275,3833,4486,1775,902,428,2887,1630,5669,4217,2112,468,2105,728,4591,2946,2.54,3.19,16528,13944,2584,1123,26,320,50,40,1025,3.9,15.3,13944,7770,6174,19425,15966,2.5,2.59,0.338787459,0.00187197
14105,33605,33605,20278661,3599136,27.9511221,-82.4296797,17073,1257,1101,1143,1292,1188,1313,1197,1083,1027,1184,1157,1038,851,681,570,404,331,256,8469,669,523,597,670,554,676,587,539,535,625,596,541,422,320,233,168,123,91,8604,588,578,546,622,634,637,610,544,492,559,561,497,429,361,337,236,208,165,35.2,34.6,35.8,13326,6551,6775,12794,6272,6522,12041,5888,6153,2729,1174,1555,2242,935,1307,17073,16637,5303,10491,85,64,19,9,13,1,7,3,12,5,0,3,2,0,689,436,24,24,88,95,5572,10757,170,128,49,874,17073,4163,900,1311,976,976,12910,17073,4163,2831,424,40,1,4,662,201,12910,2472,10067,45,63,1,27,235,17073,16645,6481,1379,4979,3196,2154,980,174,1652,88,89,619,428,90,44,46,338,250,88,6481,3619,1571,1379,459,462,186,1778,926,2862,2195,1084,282,1111,473,2059,1808,2.57,3.35,7995,6481,1514,555,24,150,37,16,732,5.1,12.8,6481,2727,3754,7103,9542,2.6,2.54,0.309619392,0.002189576
14106,33606,33606,8501033,2227222,27.9174523,-82.4522793,17746,586,658,724,2136,2852,1672,1288,1084,1057,1172,1185,893,781,565,311,283,259,240,8632,311,326,354,927,1255,813,709,572,554,646,594,461,392,272,163,123,100,60,9114,275,332,370,1209,1597,859,579,512,503,526,591,432,389,293,148,160,159,180,30.8,32.1,29.4,15648,7565,8083,15357,7429,7928,12730,6331,6399,2120,947,1173,1658,718,940,17746,17353,15008,1565,37,509,199,74,86,10,37,31,72,6,1,2,3,0,228,393,62,111,87,38,15333,1709,119,667,29,310,17746,1903,222,420,469,792,15843,17746,1903,1527,73,11,17,1,183,91,15843,13481,1492,26,492,5,45,302,17746,14473,7517,2265,2810,2234,416,99,86,1465,27,51,492,3273,15,2,13,3258,1426,1832,7517,2978,1287,2265,923,209,101,504,263,4539,3505,1711,198,1794,426,1374,1303,1.93,2.84,8460,7517,943,434,43,110,40,118,198,3.0,9.6,7517,3463,4054,7956,6517,2.3,1.61,0.194391491,0.000983592
14107,33607,33607,23390221,1450207,27.9620122,-82.492176,23541,1791,1413,1331,1409,1863,2146,1617,1542,1441,1540,1383,1236,1058,909,816,802,635,609,11198,925,727,694,705,858,1015,806,803,730,766,648,584,444,402,330,314,264,183,12343,866,686,637,704,1005,1131,811,739,711,774,735,652,614,507,486,488,371,426,35.6,34.0,37.2,18762,8737,10025,18186,8443,9743,17262,7979,9283,4384,1746,2638,3771,1493,2278,23541,22714,13159,7978,85,330,92,38,41,6,27,84,42,13,2,8,0,3,1149,827,27,45,188,332,13789,8352,166,441,74,1601,23541,11129,1520,1961,5214,2434,12412,23541,11129,8904,517,39,9,10,1112,538,12412,4255,7461,46,321,3,37,289,23541,23489,9552,2686,6345,4229,2825,1033,404,2081,90,162,807,52,11,4,7,41,8,33,9552,5414,2259,2686,911,592,229,2136,1119,4138,3291,1461,348,1830,740,2804,2842,2.46,3.19,11159,9552,1607,940,14,137,35,164,317,3.1,15.0,9552,4256,5296,10779,12710,2.53,2.4,0.405107674,0.00227818
14108,33609,33609,11328513,1523740,27.9442719,-82.5176749,15999,730,704,809,824,1084,1594,1294,1228,1118,1219,1216,1078,836,651,448,412,400,354,7977,378,366,391,438,519,826,704,627,597,623,636,523,419,291,212,174,149,104,8022,352,338,418,386,565,768,590,601,521,596,580,555,417,360,236,238,251,250,39.0,38.1,39.9,13562,6741,6821,13183,6541,6642,12779,6321,6458,2731,1159,1572,2265,930,1335,15999,15582,13741,927,41,472,126,114,63,15,37,61,56,5,1,0,1,3,396,417,47,112,71,107,14116,1049,115,610,26,535,15999,3448,377,597,1137,1337,12551,15999,3448,2769,89,18,15,0,378,179,12551,10972,838,23,457,5,18,238,15999,15816,7660,2580,3431,2566,712,205,125,1433,22,57,569,183,0,0,0,183,113,70,7660,3499,1493,2580,1053,271,128,648,312,4161,3189,1513,253,1676,610,1617,1742,2.06,2.92,8774,7660,1114,571,24,157,41,81,240,3.3,15.3,7660,4513,3147,10107,5709,2.24,1.81,0.274107151,0.001178466
14109,33610,33610,46243604,2219657,27.998214,-82.3780164,39222,3368,2985,3050,3193,2785,3016,2719,2467,2357,2589,2583,2139,1768,1399,1083,803,513,405,18366,1743,1471,1550,1570,1288,1338,1311,1107,1112,1217,1187,1016,763,615,443,317,188,130,20856,1625,1514,1500,1623,1497,1678,1408,1360,1245,1372,1396,1123,1005,784,640,486,325,275,32.0,30.7,33.3,29191,13285,15906,27860,12615,15245,26049,11766,14283,5209,2125,3084,4203,1693,2510,39222,38047,12394,23256,175,643,312,36,88,6,36,65,100,25,5,14,1,5,1554,1175,118,78,361,180,13216,24001,417,820,105,1940,39222,6083,1203,2589,726,1565,33139,39222,6083,3291,769,67,5,9,1499,443,33139,9103,22487,108,638,16,55,732,39222,38776,14245,4074,13082,9043,4444,2029,346,2931,252,152,1337,446,234,127,107,212,162,50,14245,9503,4643,4074,1688,1013,480,4416,2475,4742,3695,1612,384,2083,791,5743,3324,2.72,3.27,16295,14245,2050,886,19,299,26,38,782,4.0,11.2,14245,7238,7007,19043,19733,2.63,2.82,0.452686158,0.00444589
14110,33611,33611,16523935,2070290,27.8913451,-82.5056648,29478,1638,1526,1306,1195,1613,2450,2348,2283,2310,2456,2244,1971,1678,1232,1012,823,699,694,14566,831,774,676,598,774,1200,1199,1192,1269,1299,1144,1004,792,569,428,353,255,209,14912,807,752,630,597,839,1250,1149,1091,1041,1157,1100,967,886,663,584,470,444,485,40.7,40.1,41.5,24786,12169,12617,24288,11933,12355,23589,11578,12011,5443,2280,3163,4460,1814,2646,29478,28521,24868,1846,85,1153,150,130,260,43,131,227,212,27,10,6,4,7,542,957,116,232,236,135,25678,2241,284,1518,63,744,29478,3609,383,1137,739,1350,25869,29478,3609,2699,141,21,14,4,479,251,25869,22169,1705,64,1139,23,63,706,29478,29143,14148,5051,6457,4694,1234,401,228,2253,94,74,1135,335,321,121,200,14,4,10,14148,7068,2826,5051,1857,581,252,1436,717,7080,5643,2696,479,2947,1155,3134,3359,2.06,2.8,16077,14148,1929,978,37,230,19,203,462,2.7,14.1,14148,8230,5918,18118,11025,2.2,1.86,0.229659977,0.001704137
14111,33612,33612,26462529,1229056,28.0508272,-82.4495733,44601,3406,2936,2946,3289,4642,3509,2947,2666,2817,3086,3008,2542,1998,1301,960,839,753,956,21742,1721,1569,1535,1719,2229,1699,1470,1297,1371,1482,1460,1312,1001,601,435,321,241,279,22859,1685,1367,1411,1570,2413,1810,1477,1369,1446,1604,1548,1230,997,700,525,518,512,677,32.5,31.2,33.9,34721,16618,18103,33536,15966,17570,30795,14663,16132,5925,2446,3479,4809,1877,2932,44601,42994,24698,14020,171,880,287,103,124,21,41,194,110,71,19,10,1,41,3154,1607,142,131,514,334,25931,14891,465,1121,199,3718,44601,12750,1918,5676,1618,3538,31851,44601,12750,7877,961,65,34,12,3056,745,31851,16821,13059,106,846,59,98,862,44601,43916,17612,5013,12651,9264,3818,1502,407,4822,263,168,1768,685,327,108,219,358,236,122,17612,9871,4862,5013,2047,1115,494,3743,2321,7741,5716,2778,487,2938,1173,5698,3583,2.49,3.18,21080,17612,3468,2361,36,261,67,66,677,3.6,18.0,17612,6900,10712,17435,26481,2.53,2.47,0.278531065,0.00254159
14112,33613,33613,19040086,2393020,28.0839734,-82.4507683,31990,1854,1405,1311,2086,6309,3241,2178,1739,1633,1753,1791,1545,1442,1009,720,580,564,830,15615,966,691,665,1070,2885,1706,1173,916,839,915,892,737,720,451,339,252,175,223,16375,888,714,646,1016,3424,1535,1005,823,794,838,899,808,722,558,381,328,389,607,29.6,29.4,29.9,27144,13140,14004,26529,12814,13715,23897,11596,12301,4533,1871,2662,3703,1440,2263,31990,30856,19630,7381,183,1278,507,348,146,33,45,70,129,24,2,10,2,10,2360,1134,89,175,268,250,20512,7916,396,1540,77,2795,31990,8377,2194,3005,859,2319,23613,31990,8377,5071,421,111,11,6,2267,490,23613,14559,6960,72,1267,18,93,644,31990,30551,14137,3446,6069,4619,1993,641,223,4906,179,112,1221,1439,761,204,557,678,360,318,14137,6046,2651,3446,1255,739,299,1861,1097,8091,5614,2701,348,2913,720,3083,2370,2.16,2.9,17193,14137,3056,2550,21,158,27,68,232,3.5,20.5,14137,4287,9850,9803,20748,2.29,2.11,0.443176923,0.001967764
14113,33614,33614,25321699,1017636,28.0047238,-82.5060877,46449,3134,2644,2587,3118,4177,4068,3601,3434,3398,3527,2860,2502,2030,1615,1278,986,826,664,22763,1633,1345,1348,1552,2006,2073,1797,1777,1739,1784,1400,1139,922,723,525,453,329,218,23686,1501,1299,1239,1566,2171,1995,1804,1657,1659,1743,1460,1363,1108,892,753,533,497,446,34.8,33.9,35.9,37571,18169,19402,36417,17558,18859,34094,16459,17635,6558,2792,3766,5369,2248,3121,46449,44903,34217,5424,189,1569,321,106,119,12,70,826,115,21,5,4,0,12,3483,1546,102,121,380,552,35478,6085,404,1783,81,4285,46449,28346,2250,6395,12742,6959,18103,46449,28346,22576,1177,121,49,9,3382,1032,18103,11641,4247,68,1520,12,101,514,46449,46025,18346,6371,12164,8270,4695,1416,794,4449,263,166,1898,424,255,147,108,169,84,85,18346,11056,5062,6371,2548,1363,626,3322,1888,7290,5504,2640,388,2864,865,5906,3932,2.51,3.1,20488,18346,2142,1246,31,221,67,78,499,2.8,10.3,18346,7501,10845,20320,25705,2.71,2.37,0.28466263,0.002416491
14114,33615,33615,22332651,2549535,28.0051028,-82.5802844,43453,2539,2476,2692,2868,3195,3517,3109,3165,3316,3525,3162,2621,2232,1625,1268,954,649,540,21302,1296,1297,1403,1464,1577,1737,1539,1616,1678,1737,1510,1256,1034,746,571,409,265,167,22151,1243,1179,1289,1404,1618,1780,1570,1549,1638,1788,1652,1365,1198,879,697,545,384,373,37.2,36.0,38.3,35212,17032,18180,34086,16480,17606,32249,15542,16707,6299,2754,3545,5036,2158,2878,43453,41814,33020,4253,200,1508,381,174,116,19,139,575,104,35,17,1,6,11,2798,1639,141,169,444,489,34374,4966,454,1821,109,3488,43453,19484,797,6302,6192,6193,23969,43453,19484,15011,778,94,23,9,2627,942,23969,18009,3475,106,1485,26,171,697,43453,43166,17099,6944,11793,7909,3668,1184,654,3662,219,260,1756,287,242,94,148,45,29,16,17099,10711,4746,6944,2783,1107,534,2660,1429,6388,4777,2307,364,2470,773,5484,3648,2.52,3.09,19155,17099,2056,973,16,372,53,126,516,3.6,12.0,17099,9964,7135,26695,16471,2.68,2.31,0.256287697,0.002282787
14115,33616,33616,9844232,2113032,27.8651359,-82.5353938,13560,942,802,878,854,1165,1318,1145,1034,1028,1034,926,742,563,366,314,244,127,78,6807,493,418,479,463,578,672,565,522,529,526,469,341,276,170,136,103,41,26,6753,449,384,399,391,587,646,580,512,499,508,457,401,287,196,178,141,86,52,33.5,32.7,34.4,10768,5318,5450,10429,5133,5296,9886,4874,5012,1457,641,816,1129,476,653,13560,12843,9092,2311,90,657,43,16,179,29,74,194,122,37,6,15,3,13,656,717,46,173,194,96,9675,2665,192,939,75,812,13560,2769,339,1288,390,752,10791,13560,2769,1730,192,21,17,4,608,197,10791,7362,2119,69,640,33,48,520,13560,13560,5787,1988,3786,2741,893,330,121,1106,58,23,560,0,0,0,0,0,0,0,5787,3388,1618,1988,805,346,173,1054,640,2399,1833,1044,92,789,185,1824,880,2.34,2.97,6552,5787,765,364,11,92,6,65,227,3.5,10.1,5787,2549,3238,6210,7350,2.44,2.27,0.241307596,0.001095626
14116,33617,33617,22267698,907829,28.0374856,-82.3915701,41443,2864,2516,2584,3072,4643,3680,2959,2565,2467,2731,2704,2434,2020,1422,1017,764,529,472,19756,1516,1328,1378,1526,2149,1767,1471,1225,1131,1255,1253,1073,926,636,421,316,225,160,21687,1348,1188,1206,1546,2494,1913,1488,1340,1336,1476,1451,1361,1094,786,596,448,304,312,32.1,30.6,33.8,32977,15260,17717,31869,14691,17178,29458,13572,15886,5382,2309,3073,4204,1758,2446,41443,40081,21790,14849,197,1585,861,159,159,30,44,69,263,46,17,3,2,24,1614,1362,94,185,407,239,22836,15606,444,1896,112,2039,41443,7279,1204,2893,875,2307,34164,41443,7279,4601,602,73,13,14,1491,485,34164,17189,14247,124,1572,32,123,877,41443,41049,17313,5731,11315,8202,3044,1166,366,3646,191,89,1510,394,34,23,11,360,159,201,17313,9903,4638,5731,2302,949,423,3223,1913,7410,5560,2352,336,3208,925,5302,3243,2.37,3.03,19966,17313,2653,1792,35,205,30,57,534,2.5,15.9,17313,7841,9472,19484,21565,2.48,2.28,0.313685055,0.002126856
14117,33618,33618,22435895,2742161,28.0748073,-82.4984052,25570,1124,1258,1501,1544,1656,1698,1388,1552,1788,2007,2098,1927,1785,1296,871,760,643,674,11991,566,624,754,773,794,824,709,758,861,938,973,884,839,562,381,326,237,188,13579,558,634,747,771,862,874,679,794,927,1069,1125,1043,946,734,490,434,406,486,43.1,41.1,44.7,21391,9886,11505,20704,9545,11159,19884,9151,10733,5306,2191,3115,4244,1694,2550,25570,24833,21645,1632,54,766,276,102,110,30,59,103,86,9,4,0,2,3,727,737,83,153,174,143,22256,1924,198,998,38,955,25570,5513,369,1566,1287,2291,20057,25570,5513,4309,204,14,13,1,670,302,20057,17336,1428,40,753,8,57,435,25570,25391,11356,5059,6285,4408,1203,358,291,1488,77,109,778,179,153,42,111,26,17,9,11356,6733,2633,5059,1789,457,222,1217,622,4623,3753,1483,291,2270,992,2882,3094,2.24,2.86,12311,11356,955,409,11,144,29,98,264,2.0,8.7,11356,7085,4271,17253,8138,2.44,1.91,0.448632239,0.00231137
14118,33619,33619,68869874,7847793,27.9353722,-82.3786899,34581,2372,2123,2416,3004,2930,3182,2725,2537,2376,2493,2198,1796,1566,977,802,527,341,216,18472,1228,1140,1292,1754,1665,1796,1501,1346,1291,1346,1146,902,780,470,358,246,132,79,16109,1144,983,1124,1250,1265,1386,1224,1191,1085,1147,1052,894,786,507,444,281,209,137,32.1,31.0,33.7,27125,14516,12609,25970,13841,12129,24091,12720,11371,3732,1727,2005,2863,1285,1578,34581,33469,17395,13147,125,633,213,43,113,16,31,103,114,19,8,3,3,5,2150,1112,112,86,320,276,18265,13713,319,790,99,2596,34581,10096,1424,3447,2753,2472,24485,34581,10096,6759,629,42,16,9,2100,541,24485,10636,12518,83,617,10,50,571,34581,30995,10956,4042,9733,6520,3639,1576,374,2625,248,90,1175,3586,3430,3012,418,156,150,6,10956,7431,3382,4042,1605,861,420,2528,1357,3525,2609,1341,235,1268,378,4217,2230,2.83,3.34,12548,10956,1592,652,39,156,38,49,658,2.5,11.9,10956,6165,4791,17617,13378,2.86,2.79,0.559901935,0.007034
14119,33620,33620,2296954,14345,28.0620001,-82.4132246,5158,6,1,1,3361,1680,73,17,10,9,0,0,0,0,0,0,0,0,0,2294,3,1,1,1424,802,40,11,8,4,0,0,0,0,0,0,0,0,0,2864,3,0,0,1937,878,33,6,2,5,0,0,0,0,0,0,0,0,0,19.6,19.7,19.6,5150,2289,2861,5130,2280,2850,953,474,479,0,0,0,0,0,0,5158,5035,3953,694,12,246,95,35,30,3,10,18,55,3,0,2,1,0,127,123,15,28,18,32,4055,734,32,286,6,178,5158,578,72,189,87,230,4580,5158,578,411,25,4,0,0,102,36,4580,3542,669,8,246,3,25,87,5158,442,131,10,8,8,2,0,0,291,1,0,0,4716,0,0,0,4716,2079,2637,131,11,4,10,4,0,0,1,0,120,1,0,0,1,0,5,0,3.37,2.82,132,131,1,0,0,0,0,1,0,0.0,0.0,131,0,131,0,442,0.0,3.37,0.072945988,0.000212156
14120,33621,33621,21574285,3836277,27.8416577,-82.4932734,1643,244,193,134,109,269,213,167,101,75,39,35,18,16,17,10,1,1,1,879,123,91,67,57,190,105,89,52,41,18,16,6,10,6,6,1,0,1,764,121,102,67,52,79,108,78,49,34,21,19,12,6,11,4,0,1,0,22.3,22.3,22.5,1054,590,464,1025,578,447,893,489,404,39,20,19,30,14,16,1643,1509,1084,299,15,34,0,2,17,2,5,1,7,7,1,4,1,1,70,134,15,18,45,8,1187,375,41,74,27,92,1643,241,80,87,15,59,1402,1643,241,112,26,5,0,0,62,36,1402,972,273,10,34,7,8,98,1643,1397,405,319,644,612,17,4,4,12,2,1,6,246,0,0,0,246,200,46,405,372,300,319,251,14,14,39,35,33,31,20,2,11,1,300,22,3.45,3.63,438,405,33,12,0,0,0,2,19,0.0,3.1,405,27,378,54,1343,2.0,3.55,0.222813051,0.002327841
14121,33624,33624,23241719,1390900,28.0802555,-82.5282475,37457,1960,1998,2429,2670,2558,2530,2394,2584,2778,3210,3181,2748,2348,1499,984,706,479,401,17845,974,1031,1261,1337,1205,1271,1149,1303,1306,1510,1460,1227,1076,694,423,304,190,124,19612,986,967,1168,1333,1353,1259,1245,1281,1472,1700,1721,1521,1272,805,561,402,289,277,39.3,37.7,40.7,30558,14326,16232,29377,13722,15655,27898,12993,14905,5411,2360,3051,4069,1735,2334,37457,36212,29924,3045,94,1573,425,234,289,26,138,311,150,20,7,9,0,4,1556,1245,104,221,309,256,30926,3592,318,1933,87,1966,37457,10655,506,3323,2598,4228,26802,37457,10655,8280,316,36,32,7,1435,549,26802,21644,2729,58,1541,13,121,696,37457,37437,14959,7164,10636,7208,2417,749,561,2261,121,71,1189,20,0,0,0,20,14,6,14959,10095,4360,7164,2876,775,388,2156,1096,4864,3711,1462,214,2249,685,4849,3086,2.5,3.0,16210,14959,1251,408,22,224,30,72,495,2.1,8.1,14959,10327,4632,26574,10863,2.57,2.35,0.3656001,0.002261414
14122,33625,33625,23694618,1083371,28.0668763,-82.5612183,24645,1481,1692,1771,1765,1484,1610,1713,1917,1983,2127,1953,1533,1234,789,545,429,311,308,11869,762,891,909,933,728,742,790,950,931,1045,932,742,537,355,242,190,101,89,12776,719,801,862,832,756,868,923,967,1052,1082,1021,791,697,434,303,239,210,219,37.2,36.0,38.4,19328,9100,10228,18592,8712,9880,17629,8223,9406,3051,1257,1794,2382,977,1405,24645,23784,19158,2064,99,1342,378,142,128,24,93,468,109,18,3,10,0,5,1103,861,52,142,238,199,19853,2454,228,1580,44,1426,24645,8552,447,2848,2188,3069,16093,24645,8552,6719,308,55,28,11,1025,406,16093,12439,1756,44,1314,7,78,455,24645,24512,9126,4606,7563,5382,1769,576,374,1448,89,61,769,133,124,29,95,9,6,3,9126,6536,3178,4606,2085,528,266,1402,827,2590,1953,811,130,1142,382,3533,1745,2.69,3.13,9676,9126,550,169,11,138,18,42,172,2.1,5.6,9126,6285,2841,17019,7493,2.71,2.64,0.216489379,0.002274533
14123,33626,33626,35317253,2708425,28.0670452,-82.620348,27557,2113,2594,2279,1468,943,1573,1969,2882,3031,2465,1720,1218,1093,743,438,351,292,385,13243,1129,1304,1122,754,423,681,911,1357,1443,1245,838,590,497,362,206,154,98,129,14314,984,1290,1157,714,520,892,1058,1525,1588,1220,882,628,596,381,232,197,194,256,36.7,36.3,37.0,20185,9477,10708,19528,9157,10371,18936,8855,10081,2842,1243,1599,2209,949,1260,27557,26719,22664,1412,46,2013,781,237,198,61,280,272,184,18,7,6,1,4,566,838,66,249,217,119,23363,1731,140,2377,54,786,27557,3984,264,1189,873,1658,23573,27557,3984,3115,100,15,38,3,474,239,23573,19549,1312,31,1975,15,92,599,27557,27514,10438,5999,8997,7771,941,197,295,1139,61,37,636,43,43,9,34,0,0,0,10438,7396,4424,5999,3495,360,221,1037,708,3042,2354,972,149,1382,450,4563,1641,2.64,3.15,11297,10438,859,310,22,170,29,159,169,2.3,8.6,10438,7170,3268,20217,7297,2.82,2.23,0.326174466,0.003490572
14124,33629,33629,12468168,1071916,27.9215358,-82.5090435,23638,1351,1498,1590,1298,854,1343,1501,1810,2005,2099,1952,1587,1303,794,718,663,605,667,11362,691,765,778,670,390,657,698,877,987,1013,1035,780,641,368,313,274,218,207,12276,660,733,812,628,464,686,803,933,1018,1086,917,807,662,426,405,389,387,460,41.3,40.7,42.0,18861,8951,9910,18263,8655,9608,17779,8391,9388,4206,1760,2446,3447,1380,2067,23638,23248,22037,410,70,516,147,102,77,18,45,47,80,20,3,4,1,12,195,390,69,128,59,58,22381,513,157,692,35,278,23638,2621,200,403,817,1201,21017,23638,2621,2286,37,26,6,3,154,109,21017,19751,373,44,510,17,41,281,23638,23578,10477,5012,6372,5194,557,144,144,1160,36,56,593,60,39,4,35,21,13,8,10477,6118,2947,5012,2348,263,124,843,475,4359,3539,1456,294,2083,955,3061,2618,2.25,2.95,11353,10477,876,244,14,191,56,132,239,2.4,8.1,10477,7708,2769,18612,4966,2.41,1.79,0.183028794,0.001241281
14125,33634,33634,21286196,1437117,28.0098199,-82.5477804,20225,1268,1250,1351,1364,1423,1516,1532,1479,1550,1616,1304,1178,1033,840,590,445,277,209,9824,646,637,727,672,710,749,765,717,798,779,613,539,480,388,258,177,102,67,10401,622,613,624,692,713,767,767,762,752,837,691,639,553,452,332,268,175,142,36.3,35.0,37.7,16087,7686,8401,15509,7394,8115,14722,7009,7713,2973,1277,1696,2361,992,1369,20225,19498,15100,2211,104,733,217,92,77,16,56,217,58,9,3,3,0,3,1341,727,45,66,190,242,15678,2520,186,846,53,1710,20225,10637,464,3028,4228,2917,9588,20225,10637,8308,522,64,17,2,1292,432,9588,6792,1689,40,716,7,49,295,20225,20201,7314,3270,5936,3935,2071,678,369,1610,102,72,752,24,4,3,1,20,8,12,7314,5123,2305,3270,1339,562,266,1291,700,2191,1588,691,109,897,345,2696,1767,2.76,3.2,7889,7314,575,286,5,93,13,24,154,2.1,8.9,7314,4378,2936,12239,7962,2.8,2.71,0.259164375,0.002084797
14126,33635,33635,14724227,1271706,28.0273178,-82.6194016,15741,924,890,1001,996,950,1262,1178,1257,1291,1333,1163,916,810,637,458,304,241,130,7619,454,450,516,507,396,611,593,644,665,617,562,424,377,299,213,140,104,47,8122,470,440,485,489,554,651,585,613,626,716,601,492,433,338,245,164,137,83,37.8,37.4,38.1,12698,6085,6613,12277,5863,6414,11748,5620,6128,2240,1018,1222,1770,803,967,15741,15178,12270,1198,47,1010,313,101,115,10,132,258,81,11,0,5,4,2,642,563,43,108,145,129,12731,1415,119,1181,51,842,15741,4372,255,1445,1177,1495,11369,15741,4372,3366,121,20,19,3,594,249,11369,8904,1077,27,991,8,48,314,15741,15734,6505,2906,4278,3143,916,272,227,1129,48,60,591,7,0,0,0,7,2,5,6505,4059,1927,2906,1307,296,158,857,462,2446,1819,873,157,946,292,2105,1343,2.42,3.0,7208,6505,703,355,10,81,15,78,164,1.9,13.7,6505,4272,2233,10837,4897,2.54,2.19,0.2952519,0.001467823
14127,33637,33637,20111193,1177573,28.0453341,-82.3611129,15351,1011,851,859,1009,2208,1658,1211,1006,902,997,967,845,587,437,268,231,175,129,7323,523,419,435,513,1016,795,612,529,435,474,419,405,267,200,101,72,67,41,8028,488,432,424,496,1192,863,599,477,467,523,548,440,320,237,167,159,108,88,30.3,29.7,30.8,12439,5842,6597,12096,5660,6436,11253,5284,5969,1548,627,921,1240,481,759,15351,14729,9161,3802,77,1046,668,60,71,13,38,69,127,5,1,0,0,4,638,622,52,124,169,85,9646,4115,201,1225,33,810,15351,2649,354,1075,363,857,12702,15351,2649,1649,214,12,7,1,585,181,12702,7512,3588,65,1039,4,53,441,15351,15351,6366,2190,3936,2797,1101,390,170,1758,63,23,559,0,0,0,0,0,0,0,6366,3555,1662,2190,931,350,158,1015,573,2811,1895,839,95,1056,278,1883,981,2.41,3.03,7273,6366,907,467,28,151,41,29,191,5.0,11.7,6366,2853,3513,7448,7903,2.61,2.25,0.322594741,0.001953866
14128,33647,33647,87776213,3900537,28.1269575,-82.3540928,55034,3683,4231,4567,3854,4898,4448,4060,4364,4519,4431,3638,2692,2145,1395,874,566,396,273,26490,1910,2140,2301,1976,2207,2092,1822,2049,2150,2126,1759,1281,1044,699,411,255,167,101,28544,1773,2091,2266,1878,2691,2356,2238,2315,2369,2305,1879,1411,1101,696,463,311,229,172,32.3,31.7,32.8,41634,19666,21968,39976,18818,21158,37909,17799,20110,4681,2194,2487,3504,1633,1871,55034,52958,36610,7989,135,6401,3264,1157,562,71,501,258,588,24,4,10,5,5,1799,2076,106,548,508,257,38208,8878,421,7311,109,2387,55034,9177,693,3435,1176,3873,45857,55034,9177,6401,500,38,52,1,1575,610,45857,30209,7489,97,6349,23,224,1466,55034,55030,20585,10833,17476,14239,2650,648,708,3486,170,41,1469,4,4,2,2,0,0,0,20585,14082,8041,10833,6021,803,432,2446,1588,6503,4452,1985,180,2467,396,8456,2597,2.67,3.2,22854,20585,2269,992,26,416,63,214,558,3.3,10.7,20585,12313,8272,35533,19497,2.89,2.36,0.598093928,0.008420672
